cohort_name,transaction_month,active_months,cohort_revenue,cohort_aov,cohort_monthly_retention,AOPAU,ARPAU,cohort_accumlative_revenue
Sep 2023,2023-09-01,0,55140.21,25.9,32.901,1.03,26.77,55140.21
Feb 2023,2023-02-01,0,19480.76,24.75,8.3739999999999988,1.03,25.57,19480.76
Mar 2023,2023-03-01,0,27984.63,25.01,17.197000000000003,1.03,25.79,27984.63
Aug 2023,2023-08-01,0,36667.75,22.96,32.208,1.03,23.76,36667.75
Jul 2023,2023-07-01,0,34244.8,21.76,27.935,1.03,22.5,34244.8
Jan 2023,2023-01-01,0,32298.76,27.21,13.254,1.03,28.09,32298.76
Oct 2024,2024-10-01,0,150567.26,49.86,19.211,1.04,51.67,150567.26
Apr 2023,2023-04-01,0,41558.5,23.6,20.124,1.04,24.52,41558.5
May 2023,2023-05-01,0,97839.32,22.72,33.537,1.04,23.65,97839.32
Dec 2022,2022-12-01,0,77535.55,24.15,21.427,1.04,25.24,77535.55
Nov 2022,2022-11-01,0,79428.01,24.91,23.215,1.04,25.91,79428.01
Oct 2023,2023-10-01,0,69658.16,30.99,35.370000000000005,1.04,32.23,69658.16
Aug 2022,2022-08-01,0,69062.45,22.67,51.115,1.04,23.69,69062.45
Nov 2023,2023-11-01,0,106122.06,30.42,33.164,1.04,31.74,106122.06
May 2022,2022-05-01,0,155158.12,25.22,62.349,1.05,26.57,155158.12
Feb 2024,2024-02-01,0,113095.76,25.59,28.772,1.05,26.95,113095.76
Oct 2022,2022-10-01,0,48377.16,20.89,25.729000000000003,1.05,21.98,48377.16
Jul 2022,2022-07-01,0,84628.36,21.98,60.313,1.05,23.04,84628.36
Dec 2023,2023-12-01,0,125964.61,30.35,26.445,1.05,31.98,125964.61
Aug 2024,2024-08-01,0,149485.95,36.19,28.692,1.05,37.85,149485.95
Jun 2023,2023-06-01,0,81540.71,20.74,42.824,1.05,21.74,81540.71
Sep 2024,2024-09-01,0,175715.06,39.99,27.786,1.05,42.02,175715.06
Jul 2024,2024-07-01,0,118927.47,32.33,30.257,1.05,34.03,118927.47
Sep 2022,2022-09-01,0,50141.36,23.55,30.804,1.05,24.75,50141.36
Apr 2022,2022-04-01,0,75980.63,24.42,51.119,1.06,25.86,75980.63
Feb 2022,2022-02-01,0,77429.2,30.08,40.272999999999996,1.06,31.8,77429.2
Apr 2024,2024-04-01,0,146020.29,28.99,29.189,1.06,30.79,146020.29
Jun 2022,2022-06-01,0,130673.09,26.81,71.64500000000001,1.06,28.31,130673.09
Mar 2022,2022-03-01,0,75952.08,28.74,42.28,1.06,30.32,75952.08
May 2024,2024-05-01,0,157157.4,31.18,20.328,1.06,32.97,157157.4
Jan 2024,2024-01-01,0,129117.96,27.74,27.677000000000003,1.06,29.47,129117.96
Jun 2024,2024-06-01,0,178005.88,29.32,34.215,1.07,31.26,178005.88
Mar 2024,2024-03-01,0,138295.47,30.12,33.646,1.07,32.09,138295.47
Jan 2022,2022-01-01,0,157190.27,34.3,59.884,1.1,37.6,157190.27
Jul 2024,2024-08-01,1,12612.42,32.84,3.195,1.04,34.18,131539.89
Sep 2023,2023-10-01,1,4263.88,25.69,2.555,1.04,26.65,59404.09
Mar 2023,2023-04-01,1,2856.25,21.64,2.013,1.04,22.49,30840.88
Feb 2023,2023-03-01,1,3078.0,23.32,1.385,1.05,24.43,22558.76
Jul 2022,2022-08-01,1,7860.0,21.24,5.7799999999999994,1.05,22.33,92488.36
Apr 2023,2023-05-01,1,7733.13,20.62,4.215,1.06,21.78,49291.63
Jun 2023,2023-07-01,1,4035.0,18.18,2.363,1.07,19.49,85575.71
Jun 2024,2024-07-01,1,13112.88,27.15,2.692,1.08,29.27,191118.76
Aug 2023,2023-09-01,1,4229.75,22.62,3.611,1.08,24.45,40897.5
Aug 2024,2024-09-01,1,17405.55,33.47,3.5020000000000002,1.08,36.11,166891.5
Sep 2024,2024-10-01,1,16738.45,43.36,2.385,1.08,46.63,192453.51
Jun 2022,2022-07-01,1,13410.13,22.09,8.647,1.09,24.08,144083.22
May 2023,2023-06-01,1,10028.38,19.32,3.875,1.09,20.98,107867.7
Feb 2022,2022-03-01,1,14177.04,25.73,8.336,1.09,28.13,91606.24
Feb 2024,2024-03-01,1,16253.34,27.59,3.696,1.09,30.15,129349.1
Aug 2022,2022-09-01,1,9272.5,21.41,6.961,1.09,23.36,78334.95
May 2022,2022-06-01,1,21142.88,25.91,8.03,1.09,28.12,176301.0
Nov 2022,2022-12-01,1,10210.51,24.9,2.848,1.09,27.16,89638.52
Apr 2022,2022-05-01,1,16801.75,24.64,10.927000000000001,1.09,26.75,92782.38
Dec 2022,2023-01-01,1,6237.53,24.65,1.625,1.09,26.77,83773.08
Dec 2023,2024-01-01,1,15534.78,24.82,3.82,1.1,27.3,141499.39
Sep 2022,2022-10-01,1,5465.6,17.69,4.257,1.1,19.52,55606.96
Oct 2023,2023-11-01,1,9749.75,25.19,5.745,1.1,27.78,79407.91
Oct 2022,2022-11-01,1,6700.0,21.0,3.402,1.1,23.02,55077.16
Nov 2023,2023-12-01,1,12045.69,27.5,3.9190000000000005,1.11,30.5,118167.75
Jul 2023,2023-08-01,1,2831.0,18.5,2.5149999999999997,1.12,20.66,37075.8
May 2024,2024-06-01,1,19154.64,26.24,2.7720000000000002,1.12,29.47,176312.04
Jan 2022,2022-02-01,1,38724.39,27.76,17.646,1.13,31.43,195914.66
Mar 2022,2022-04-01,1,11630.11,21.5,8.068,1.13,24.33,87582.19
Mar 2024,2024-04-01,1,22366.2,33.89,4.537,1.14,38.5,160661.67
Apr 2024,2024-05-01,1,16826.23,26.97,3.379,1.14,30.65,162846.52
Jan 2024,2024-02-01,1,17426.73,24.9,3.834,1.15,28.71,146544.69
Jan 2023,2023-02-01,1,2530.25,20.08,1.233,1.18,23.65,34829.01
Jul 2023,2023-09-01,2,1346.25,18.7,1.046,1.26,23.62,38422.05
Feb 2023,2023-04-01,2,1723.5,21.54,0.868,1.01,21.82,24282.26
Aug 2024,2024-10-01,2,6756.75,45.05,1.054,1.03,46.6,173648.25
Dec 2022,2023-02-01,2,1571.0,18.48,0.57200000000000006,1.04,19.16,85344.08
Sep 2023,2023-11-01,2,4122.68,28.24,2.252,1.04,29.24,63526.77
Oct 2023,2023-12-01,2,5036.38,26.51,2.995,1.04,27.52,84444.29
Jul 2024,2024-09-01,2,6144.91,32.0,1.6019999999999999,1.04,33.22,137684.8
Aug 2023,2023-10-01,2,1653.88,24.32,1.357,1.05,25.44,42551.38
Aug 2022,2022-10-01,2,3585.75,16.91,3.489,1.07,18.02,81920.7
Dec 2023,2024-02-01,2,7163.2,22.18,2.021,1.07,23.8,148662.59
Mar 2023,2023-05-01,2,2459.5,18.77,1.95,1.07,20.0,33300.38
Jan 2023,2023-03-01,2,1484.5,20.62,0.772,1.07,22.16,36313.51
Sep 2022,2022-11-01,2,3621.75,23.22,2.22,1.07,24.81,59228.71
Oct 2022,2022-12-01,2,3001.0,19.49,1.683,1.07,20.84,58078.16
May 2024,2024-07-01,2,6861.79,25.04,1.088,1.07,26.91,183173.83
Apr 2023,2023-06-01,2,4015.5,20.28,2.185,1.08,21.82,53307.13
Mar 2022,2022-05-01,2,10105.38,22.56,6.9540000000000006,1.09,24.53,97687.57
Apr 2022,2022-06-01,2,8449.0,24.07,5.55,1.1,26.49,101231.38
May 2022,2022-07-01,2,8380.7,20.64,3.93,1.1,22.77,184681.7
Apr 2024,2024-06-01,2,8765.6,23.44,2.086,1.1,25.86,171612.12
Nov 2022,2023-01-01,2,3178.75,19.38,1.129,1.1,21.33,92817.27
Jun 2022,2022-08-01,2,5723.25,23.08,3.5090000000000003,1.1,25.32,149806.47
Feb 2022,2022-04-01,2,8430.25,21.45,5.8549999999999995,1.11,23.81,100036.49
Feb 2024,2024-04-01,2,7948.96,26.67,1.838,1.11,29.66,137298.06
Jan 2024,2024-03-01,2,9680.81,26.74,2.046,1.12,29.88,156225.5
May 2023,2023-07-01,2,3401.35,22.09,1.102,1.13,25.01,111269.05
Jun 2023,2023-08-01,2,2327.25,19.23,1.222,1.13,21.75,87902.96
Nov 2023,2024-01-01,2,7544.67,25.49,2.579,1.14,29.02,125712.42
Mar 2024,2024-05-01,2,10498.15,30.79,2.319,1.15,35.35,171159.82
Jul 2022,2022-09-01,2,4490.0,21.59,2.972,1.15,24.81,96978.36
Jan 2022,2022-03-01,2,31138.4,26.77,14.180000000000001,1.17,31.45,227053.06
Jun 2024,2024-08-01,2,9938.73,34.63,1.418,1.22,42.11,201057.49
Nov 2022,2023-02-01,3,2054.75,27.04,0.56800000000000006,1.01,27.4,94872.02
Apr 2023,2023-07-01,3,1607.5,20.61,0.914,1.01,20.88,54914.63
Jul 2024,2024-10-01,3,3694.0,37.69,0.831,1.02,38.48,141378.8
Jan 2023,2023-04-01,3,1249.5,20.48,0.69100000000000006,1.02,20.82,37563.01
Dec 2022,2023-03-01,3,2537.25,24.4,0.70400000000000007,1.03,25.12,87881.33
Feb 2023,2023-05-01,3,2261.0,19.0,1.242,1.05,20.01,26543.26
May 2022,2022-08-01,3,5688.35,20.32,2.8080000000000003,1.06,21.63,190370.05
Mar 2023,2023-06-01,3,2156.25,17.25,1.87,1.06,18.27,35456.63
Jul 2023,2023-10-01,3,967.5,22.5,0.734,1.07,24.19,39389.55
Jun 2023,2023-09-01,3,1997.0,18.32,1.165,1.07,19.58,89899.96
Apr 2022,2022-07-01,3,5620.83,20.74,4.35,1.08,22.48,106852.21
Oct 2023,2024-01-01,3,3944.44,26.3,2.275,1.08,28.38,88388.73
Dec 2023,2024-03-01,3,8913.37,28.66,1.9269999999999998,1.08,31.06,157575.96
May 2023,2023-08-01,3,2951.0,22.88,0.95700000000000007,1.09,25.01,114220.05
Aug 2022,2022-11-01,3,4146.75,26.08,2.56,1.09,28.4,86067.45
May 2024,2024-08-01,3,6519.03,29.9,0.853,1.09,32.6,189692.86
Jul 2022,2022-10-01,3,2968.5,18.67,2.3970000000000002,1.09,20.33,99946.86
Sep 2023,2023-12-01,3,4717.21,27.59,2.476,1.1,30.43,68243.98
Feb 2024,2024-05-01,3,7436.81,33.96,1.365,1.1,37.37,144734.87
Feb 2022,2022-05-01,3,13051.25,24.91,7.889,1.1,27.36,113087.74
Sep 2022,2022-12-01,3,2577.75,21.66,1.6420000000000001,1.1,23.87,61806.46
Oct 2022,2023-01-01,3,1531.25,22.19,0.736,1.1,24.31,59609.41
Jun 2024,2024-09-01,3,8517.27,34.62,1.34,1.1,38.19,209574.76
Apr 2024,2024-07-01,3,6159.23,28.25,1.212,1.11,31.27,177771.35
Aug 2023,2023-11-01,3,3369.6,26.96,2.359,1.11,29.82,45920.98
Jun 2022,2022-09-01,3,4500.5,21.85,2.888,1.11,24.2,154306.97
Nov 2023,2024-02-01,3,5578.38,22.86,2.163,1.12,25.59,131290.8
Mar 2024,2024-06-01,3,6814.97,24.87,1.8900000000000001,1.13,28.16,177974.79
Jan 2024,2024-04-01,3,8814.26,31.71,1.5599999999999998,1.13,35.69,165039.76
Mar 2022,2022-06-01,3,9901.25,24.09,5.891,1.18,28.37,107588.82
Jan 2022,2022-04-01,3,24042.3,21.86,13.148000000000001,1.2,26.19,251095.36
Oct 2022,2023-02-01,4,1263.0,22.55,0.643,1.02,22.96,60872.41
Sep 2022,2023-01-01,4,1626.0,24.64,0.97300000000000009,1.03,25.41,63432.46
Mar 2023,2023-07-01,4,1124.75,16.79,1.03,1.03,17.3,36581.38
Feb 2023,2023-06-01,4,1791.0,17.91,1.055,1.04,18.66,28334.26
Apr 2023,2023-08-01,4,1560.25,19.26,0.914,1.05,20.26,56474.88
Jun 2023,2023-10-01,4,2377.38,29.35,0.87899999999999989,1.05,30.88,92277.34
Dec 2022,2023-04-01,4,2068.25,19.15,0.718,1.05,20.08,89949.58
Jun 2022,2022-10-01,4,3834.5,21.3,2.6390000000000002,1.06,22.56,158141.47
Apr 2022,2022-08-01,4,3570.75,19.51,3.01,1.06,20.64,110422.96
May 2022,2022-09-01,4,5116.75,24.37,2.0820000000000003,1.08,26.24,195486.8
Jul 2023,2023-11-01,4,2384.73,28.06,1.4500000000000002,1.08,30.19,41774.28
May 2024,2024-09-01,4,6839.91,35.08,0.772,1.08,37.79,196532.77
Nov 2023,2024-03-01,4,5134.76,25.05,1.875,1.08,27.17,136425.56
Oct 2023,2024-02-01,4,3658.69,27.1,2.046,1.08,29.27,92047.41
Jan 2023,2023-05-01,4,2299.75,18.11,1.348,1.09,19.66,39862.76
Nov 2022,2023-03-01,4,2109.0,19.17,0.765,1.09,20.88,96981.02
Sep 2023,2024-01-01,4,3179.0,26.27,1.773,1.09,28.64,71422.98
Dec 2023,2024-04-01,4,6380.9,24.73,1.584,1.09,27.04,163956.86
Mar 2024,2024-07-01,4,5424.95,28.4,1.374,1.09,30.82,183399.74
Jun 2024,2024-10-01,4,5588.25,45.43,0.679,1.09,49.45,215163.01
Jul 2022,2022-11-01,4,3663.0,21.67,2.529,1.1,23.79,103609.86
Feb 2024,2024-06-01,4,5911.96,25.16,1.44,1.12,28.15,150646.83
Apr 2024,2024-08-01,4,6434.13,28.22,1.2550000000000001,1.12,31.54,184205.48
Mar 2022,2022-07-01,4,7351.75,23.05,4.7600000000000007,1.13,26.07,114940.57
Aug 2023,2023-12-01,4,2569.45,23.57,2.004,1.14,26.77,48490.43
Feb 2022,2022-06-01,4,13537.75,26.97,7.31,1.14,30.63,126625.49
Aug 2022,2022-12-01,4,3196.9,23.0,2.122,1.15,26.42,89264.35
Jan 2022,2022-05-01,4,31140.49,24.08,15.998999999999999,1.16,27.88,282235.85
Jan 2024,2024-05-01,4,10226.59,37.32,1.497,1.16,43.15,175266.35
May 2023,2023-09-01,4,3326.0,20.92,1.078,1.2,25.01,117546.05
Apr 2024,2024-09-01,5,7950.56,32.45,0.972,1.55,50.32,192156.04
Sep 2022,2023-02-01,5,709.25,22.88,0.45599999999999996,1.03,23.64,64141.71
Oct 2022,2023-03-01,5,1579.0,28.71,0.608,1.06,30.37,62451.41
May 2023,2023-10-01,5,3417.16,27.78,0.94000000000000006,1.06,29.46,120963.21
Mar 2023,2023-08-01,5,1021.25,16.74,0.903,1.07,17.92,37602.63
Mar 2024,2024-08-01,5,5189.41,30.17,1.2489999999999999,1.07,32.43,188589.15
Dec 2022,2023-05-01,5,4539.5,19.4,1.521,1.07,20.82,94489.08
Feb 2023,2023-07-01,5,806.5,20.16,0.407,1.08,21.8,29140.76
Feb 2024,2024-07-01,5,3257.65,26.7,0.775,1.08,28.83,153904.48
Nov 2022,2023-04-01,5,2358.75,21.64,0.765,1.08,23.35,99339.77
Jun 2023,2023-11-01,5,4502.7,27.29,1.7239999999999998,1.09,29.82,96780.04
May 2024,2024-10-01,5,4497.75,42.84,0.409,1.09,46.85,201030.52
Aug 2022,2023-01-01,5,1865.75,22.75,1.315,1.09,24.88,91130.1
Apr 2022,2022-09-01,5,3250.2,18.47,2.819,1.09,20.06,113673.16
Apr 2023,2023-09-01,5,1896.25,19.96,1.0330000000000001,1.09,21.8,58371.13
Jun 2022,2022-11-01,5,5292.9,25.95,2.872,1.1,28.61,163434.37
Sep 2023,2024-02-01,5,2754.23,19.96,1.9959999999999998,1.1,22.03,74177.21
Jan 2023,2023-06-01,5,2448.63,18.69,1.371,1.1,20.58,42311.39
Aug 2023,2024-01-01,5,2227.42,24.21,1.733,1.11,26.84,50717.85
Oct 2023,2024-03-01,5,3167.99,23.82,1.9640000000000002,1.11,26.4,95215.4
May 2022,2022-10-01,5,3783.0,17.84,2.018,1.12,20.02,199269.8
Feb 2022,2022-07-01,5,8509.01,21.93,5.7059999999999995,1.12,24.66,135134.5
Jul 2022,2022-12-01,5,2636.25,21.26,1.823,1.12,23.75,106246.11
Jul 2023,2023-12-01,5,2140.33,22.53,1.5230000000000001,1.14,25.79,43914.61
Mar 2022,2022-08-01,5,4162.0,19.91,3.055,1.15,22.99,119102.57
Nov 2023,2024-04-01,5,4737.25,23.93,1.696,1.16,27.7,141162.81
Dec 2023,2024-05-01,5,6208.12,28.22,1.276,1.16,32.67,170164.98
Jan 2024,2024-06-01,5,7197.29,29.26,1.3259999999999998,1.17,34.27,182463.64
Jan 2022,2022-06-01,5,37927.77,26.63,17.058999999999997,1.2,31.85,320163.62
Sep 2022,2023-03-01,6,488.5,15.27,0.471,1.03,15.76,64630.21
Oct 2022,2023-04-01,6,1387.0,22.02,0.713,1.03,22.74,63838.41
Mar 2023,2023-09-01,6,1429.0,20.13,1.078,1.04,21.01,39031.63
Dec 2023,2024-06-01,6,6143.55,27.67,1.41,1.06,29.26,176308.53
Sep 2023,2024-03-01,6,3596.2,29.24,1.8530000000000002,1.06,31.0,77773.41
Apr 2022,2022-10-01,6,3193.5,19.01,2.766,1.06,20.08,116866.66
Apr 2024,2024-10-01,6,4607.5,39.38,0.677,1.06,41.89,196763.54
May 2022,2022-11-01,6,6054.88,23.29,2.6270000000000002,1.06,24.61,205324.68
Jan 2023,2023-07-01,6,1048.5,16.91,0.668,1.07,18.08,43359.89
Aug 2022,2023-02-01,6,715.25,22.35,0.526,1.07,23.84,91845.35
Jun 2022,2022-12-01,6,4006.0,23.43,2.437,1.09,25.52,167440.37
May 2023,2023-11-01,6,4330.76,27.24,1.184,1.09,29.66,125293.97
Nov 2022,2023-05-01,6,5012.88,20.05,1.719,1.1,22.08,104352.65
Jul 2022,2023-01-01,6,1938.0,25.5,1.133,1.1,28.09,108184.11
Dec 2022,2023-06-01,6,3847.25,18.23,1.332,1.1,20.14,98336.33
Feb 2023,2023-08-01,6,1745.25,22.38,0.77999999999999992,1.1,24.58,30886.01
Apr 2023,2023-10-01,6,2361.0,24.09,1.045,1.11,26.83,60732.13
Jun 2023,2023-12-01,6,3993.01,28.93,1.4160000000000001,1.11,32.2,100773.05
Oct 2023,2024-04-01,6,3255.82,23.94,2.013,1.11,26.47,98471.22
Feb 2024,2024-08-01,6,5025.84,34.9,0.885,1.12,38.96,158930.32
Jul 2023,2024-01-01,6,1977.2,23.54,1.377,1.12,26.36,45891.81
Mar 2024,2024-09-01,6,5359.1,33.92,1.093,1.13,38.28,193948.25
Aug 2023,2024-02-01,6,1807.93,21.27,1.545,1.15,24.43,52525.78
Jan 2024,2024-07-01,6,6753.65,45.33,0.82100000000000006,1.15,51.95,189217.29
Mar 2022,2022-09-01,6,3881.19,19.9,2.852,1.15,22.97,122983.76
Nov 2023,2024-05-01,6,5123.59,28.78,1.498,1.18,33.93,146286.4
Jan 2022,2022-07-01,6,25177.66,21.87,13.865,1.19,26.01,345341.28
Feb 2022,2022-08-01,6,6166.25,20.9,4.102,1.19,24.86,141300.75
Sep 2022,2023-04-01,7,881.75,20.99,0.639,1.0,20.99,65511.96
Mar 2023,2023-10-01,7,1653.65,35.18,0.745,1.0,35.18,40685.28
Aug 2022,2023-03-01,7,1108.94,22.18,0.859,1.02,22.63,92954.29
Jul 2023,2024-02-01,7,1939.91,25.53,1.34,1.04,26.57,47831.72
Oct 2022,2023-05-01,7,2202.0,18.5,1.321,1.05,19.49,66040.41
Oct 2023,2024-05-01,7,3737.35,31.67,1.833,1.05,33.37,102208.57
Dec 2022,2023-07-01,7,1922.1,19.03,0.66299999999999992,1.06,20.23,100258.43
May 2022,2022-12-01,7,3575.15,19.33,1.847,1.07,20.67,208899.83
Mar 2024,2024-10-01,7,3990.08,40.72,0.718,1.07,43.37,197938.33
Jan 2023,2023-08-01,7,1245.5,20.09,0.668,1.07,21.47,44605.39
May 2023,2023-12-01,7,5421.76,27.11,1.516,1.07,28.99,130715.73
Feb 2023,2023-09-01,7,1134.25,20.25,0.571,1.08,21.81,32020.26
Apr 2022,2022-11-01,7,3473.5,19.3,2.888,1.08,20.92,120340.16
Jul 2022,2023-02-01,7,1194.25,23.89,0.755,1.09,25.96,109378.36
Mar 2022,2022-10-01,7,4061.38,20.31,3.106,1.09,22.07,127045.14
Nov 2022,2023-06-01,7,3574.0,18.61,1.318,1.1,20.54,107926.65
Aug 2023,2024-03-01,7,2602.8,24.1,2.025,1.11,26.83,55128.58
Jun 2023,2024-01-01,7,4209.0,27.15,1.587,1.12,30.28,104982.05
Feb 2024,2024-09-01,7,4259.84,34.92,0.747,1.12,39.08,163190.16
Jan 2024,2024-08-01,7,6431.63,39.22,0.91599999999999993,1.13,44.36,195648.92
Apr 2023,2023-11-01,7,3362.0,24.19,1.46,1.13,27.33,64094.13
Nov 2023,2024-06-01,7,5198.03,28.56,1.577,1.14,32.69,151484.43
Feb 2022,2022-09-01,7,6031.0,19.45,4.466,1.15,22.34,147331.75
Jun 2022,2023-01-01,7,2191.25,23.31,1.257,1.16,27.05,169631.62
Jan 2022,2022-08-01,7,16949.7,20.65,10.169,1.16,23.87,362290.98
Sep 2023,2024-04-01,7,3158.41,23.93,1.805,1.17,27.95,80931.82
Dec 2023,2024-07-01,7,3903.39,27.88,0.799,1.18,32.8,180211.92
Sep 2023,2024-05-01,8,2868.32,27.32,1.645,1.02,27.85,83800.14
Jul 2022,2023-03-01,8,857.0,19.48,0.70600000000000007,1.02,19.93,110235.36
Sep 2022,2023-05-01,8,2085.25,22.18,1.384,1.03,22.91,67597.21
Jan 2023,2023-09-01,8,1804.0,25.77,0.772,1.04,26.93,46409.39
Feb 2024,2024-10-01,8,3434.85,39.94,0.555,1.06,42.41,166625.01
Apr 2023,2023-12-01,8,3437.38,25.09,1.52,1.07,26.85,67531.51
Oct 2023,2024-06-01,8,3324.31,25.97,1.9480000000000002,1.08,27.94,105532.88
Mar 2023,2023-11-01,8,2672.25,28.13,1.395,1.08,30.37,43357.53
Apr 2022,2022-12-01,8,2555.69,20.45,2.018,1.08,22.03,122895.85
Dec 2022,2023-08-01,8,2611.88,20.9,0.80899999999999994,1.08,22.52,102870.31
Nov 2022,2023-07-01,8,2571.75,24.26,0.742,1.08,26.24,110498.4
Jul 2023,2024-03-01,8,2160.45,26.35,1.395,1.08,28.43,49992.17
Feb 2022,2022-10-01,8,5678.75,20.0,4.35,1.08,21.59,153010.5
Jun 2022,2023-02-01,8,1030.75,19.82,0.745,1.08,21.47,170662.37
May 2022,2023-01-01,8,2826.13,23.36,1.185,1.09,25.46,211725.96
Aug 2022,2023-04-01,8,1437.0,29.94,0.772,1.09,32.66,94391.29
Nov 2023,2024-07-01,8,3827.42,31.9,1.091,1.09,34.79,155311.85
Oct 2022,2023-06-01,8,2344.38,18.91,1.321,1.1,20.75,68384.79
May 2023,2024-01-01,8,5537.6,25.29,1.5970000000000002,1.11,28.11,136253.33
Jan 2024,2024-09-01,8,4959.75,36.47,0.777,1.11,40.32,200608.67
Aug 2023,2024-04-01,8,2314.68,24.11,1.7950000000000002,1.12,26.91,57443.26
Jun 2023,2024-02-01,8,3477.71,25.76,1.347,1.14,29.47,108459.76
Mar 2022,2022-11-01,8,4557.0,21.1,3.1559999999999997,1.16,24.37,131602.14
Feb 2023,2023-10-01,8,1590.5,27.42,0.54999999999999993,1.16,31.81,33610.76
Dec 2023,2024-08-01,8,4624.23,35.3,0.745,1.18,41.66,184836.15
Jan 2022,2022-09-01,8,17691.74,21.39,9.954,1.19,25.46,379982.72
Jul 2022,2023-04-01,9,1148.0,20.14,0.91999999999999993,1.02,20.5,111383.36
May 2022,2023-02-01,9,1351.5,22.52,0.619,1.03,23.3,213077.46
Oct 2023,2024-07-01,9,1890.31,33.16,0.89999999999999991,1.04,34.37,107423.19
Jan 2024,2024-10-01,9,3494.5,41.6,0.505,1.05,43.68,204103.17
Mar 2023,2023-12-01,9,3596.51,32.11,1.68,1.06,33.93,46954.04
Jan 2023,2023-10-01,9,1534.5,26.92,0.622,1.06,28.42,47943.89
Feb 2023,2023-11-01,9,2481.7,23.86,1.055,1.08,25.85,36092.46
Jun 2022,2023-03-01,9,1092.5,23.24,0.668,1.09,25.41,171754.87
Mar 2022,2022-12-01,9,3799.8,23.6,2.464,1.1,26.03,135401.94
Feb 2022,2022-11-01,9,7310.25,24.7,4.433,1.1,27.28,160320.75
Sep 2023,2024-06-01,9,2928.91,26.15,1.629,1.1,28.71,86729.05
Dec 2022,2023-09-01,9,2461.95,22.38,0.69100000000000006,1.11,24.87,105332.26
Apr 2022,2023-01-01,9,1794.0,20.16,1.392,1.11,22.43,124689.85
Aug 2022,2023-05-01,9,3481.38,26.18,2.104,1.11,29.01,97872.67
Sep 2022,2023-06-01,9,2427.38,19.42,1.718,1.11,21.48,70024.59
Jun 2023,2024-03-01,9,3933.85,29.58,1.359,1.12,33.06,112393.61
Nov 2023,2024-08-01,9,3916.03,31.08,1.121,1.12,34.66,159227.88
Nov 2022,2023-08-01,9,2556.75,20.79,0.826,1.13,23.46,113055.15
Apr 2023,2024-01-01,9,3411.47,19.27,1.864,1.13,21.73,70942.98
Jul 2023,2024-04-01,9,1794.18,22.15,1.322,1.13,24.92,51786.35
Oct 2022,2023-07-01,9,1560.5,25.58,0.62,1.15,29.44,69945.29
Dec 2023,2024-09-01,9,3922.18,29.05,0.779,1.16,33.81,188758.33
Aug 2023,2024-05-01,9,2736.93,31.1,1.566,1.17,36.49,60180.19
Jan 2022,2022-10-01,9,17260.05,20.87,10.155,1.17,24.34,397242.77
May 2023,2024-02-01,9,5238.06,26.86,1.346,1.17,31.55,141491.39
Apr 2022,2023-02-01,10,840.25,22.71,0.626,1.03,23.34,125530.1
Jul 2022,2023-05-01,10,2542.25,21.01,1.905,1.04,21.92,113925.61
Dec 2023,2024-10-01,10,3020.05,41.95,0.46299999999999997,1.04,43.77,191778.38
Jun 2022,2023-04-01,10,1317.5,19.38,1.009,1.05,20.27,173072.37
May 2022,2023-03-01,10,1399.0,19.43,0.726,1.06,20.57,214476.46
Oct 2023,2024-08-01,10,2392.38,34.67,1.064,1.06,36.81,109815.57
Dec 2022,2023-10-01,10,3453.3,30.56,0.739,1.07,32.58,108785.56
Sep 2023,2024-07-01,10,1839.71,27.46,0.9900000000000001,1.08,29.67,88568.76
Sep 2022,2023-07-01,10,772.5,18.84,0.57800000000000007,1.08,20.33,70797.09
Jan 2023,2023-11-01,10,3449.0,26.95,1.348,1.09,29.48,51392.89
Apr 2023,2024-02-01,10,2810.28,20.82,1.472,1.09,22.66,73753.25
Oct 2022,2023-08-01,10,1311.0,19.57,0.713,1.1,21.49,71256.29
Mar 2023,2024-01-01,10,2926.9,23.42,1.807,1.1,25.67,49880.94
Nov 2023,2024-09-01,10,3937.43,36.46,0.962,1.11,40.59,163165.31
Mar 2022,2023-01-01,10,2625.5,26.25,1.5190000000000001,1.11,29.17,138027.44
Feb 2022,2022-12-01,10,4513.13,20.7,3.258,1.11,22.91,164833.88
May 2023,2024-03-01,10,6015.89,26.27,1.654,1.12,29.49,147507.27
Aug 2022,2023-06-01,10,2397.88,18.59,1.999,1.13,21.03,100270.55
Jan 2022,2022-11-01,10,20032.05,23.0,10.714,1.16,26.78,417274.82
Aug 2023,2024-06-01,10,1923.76,24.05,1.44,1.16,27.88,62103.95
Jun 2023,2024-04-01,10,3272.34,27.73,1.165,1.16,32.08,115665.95
Nov 2022,2023-09-01,10,3029.5,21.04,0.93900000000000006,1.16,24.43,116084.65
Jul 2023,2024-05-01,10,2298.86,26.42,1.358,1.18,31.07,54085.21
Feb 2023,2023-12-01,10,3581.75,31.7,1.022,1.22,38.51,39674.21
Apr 2022,2023-03-01,11,693.5,14.76,0.8,1.02,15.08,126223.6
Feb 2022,2023-01-01,11,2918.75,23.16,2.001,1.04,24.12,167752.63
Nov 2022,2023-10-01,11,3009.75,24.87,0.87899999999999989,1.04,25.95,119094.4
Oct 2022,2023-09-01,11,1644.25,19.81,0.923,1.05,20.81,72900.54
Jun 2022,2023-05-01,11,3768.63,21.78,2.546,1.05,22.98,176841.0
Oct 2023,2024-09-01,11,2318.56,33.6,1.064,1.06,35.67,112134.13
Dec 2022,2023-11-01,11,4835.79,24.06,1.304,1.07,25.86,113621.35
Jul 2022,2023-06-01,11,2015.25,16.52,1.856,1.08,17.83,115940.86
Sep 2022,2023-08-01,11,1799.0,23.99,1.049,1.09,26.07,72596.09
May 2022,2023-04-01,11,2054.88,23.09,0.876,1.09,25.06,216531.34
Nov 2023,2024-10-01,11,3432.73,41.86,0.744,1.09,45.77,166598.04
Aug 2023,2024-07-01,11,2190.26,31.74,1.315,1.1,34.77,64294.21
Aug 2022,2023-07-01,11,1226.5,18.04,1.087,1.1,19.78,101497.05
Apr 2023,2024-03-01,11,3853.16,28.33,1.448,1.11,31.58,77606.4
Jun 2023,2024-05-01,11,5102.99,33.57,1.553,1.12,37.52,120768.94
Mar 2022,2023-02-01,11,2431.25,33.77,1.08,1.13,37.99,140458.69
Sep 2023,2024-08-01,11,2373.52,30.43,1.102,1.13,34.4,90942.28
Jan 2022,2022-12-01,11,16126.6,23.41,8.493,1.16,27.19,433401.42
Jan 2023,2023-12-01,11,3810.51,27.02,1.371,1.18,32.02,55203.4
Jul 2023,2024-06-01,11,2060.69,26.42,1.2109999999999999,1.18,31.22,56145.9
May 2023,2024-04-01,11,5330.22,26.39,1.3780000000000001,1.19,31.35,152837.49
Feb 2023,2024-01-01,11,2964.35,24.3,1.055,1.27,30.88,42638.56
Mar 2023,2024-02-01,11,2897.33,22.29,1.585,1.3,28.97,52778.27
Feb 2022,2023-02-01,12,1914.75,22.26,1.389,1.02,22.79,169667.38
Oct 2023,2024-10-01,12,2602.95,50.06,0.818,1.04,52.06,114737.08
Oct 2022,2023-10-01,12,2049.0,27.69,0.83,1.04,28.86,74949.54
Mar 2022,2023-03-01,12,1277.0,25.54,0.79299999999999993,1.06,27.17,141735.69
Mar 2023,2024-03-01,12,3173.41,28.08,1.696,1.06,29.66,55951.68
May 2022,2023-05-01,12,3426.75,19.36,1.773,1.07,20.64,219958.09
Apr 2022,2023-04-01,12,1239.5,21.37,0.94000000000000006,1.07,22.95,127463.1
Jul 2023,2024-07-01,12,1714.35,37.27,0.78899999999999992,1.07,39.87,57860.25
Aug 2022,2023-08-01,12,1592.5,19.19,1.35,1.08,20.68,103089.55
Feb 2023,2024-02-01,12,2711.3,24.65,1.11,1.09,26.84,45349.87
Jun 2022,2023-06-01,12,4076.89,22.16,2.593,1.1,24.41,180917.89
Jul 2022,2023-07-01,12,1857.25,22.11,1.232,1.12,24.76,117798.11
Dec 2022,2023-12-01,12,7920.97,29.67,1.667,1.12,33.14,121542.32
May 2023,2024-05-01,12,5554.43,28.34,1.419,1.12,31.74,158391.92
Apr 2023,2024-04-01,12,4014.9,24.78,1.698,1.13,28.08,81621.3
Nov 2022,2023-11-01,12,5534.35,25.74,1.439,1.13,29.13,124628.75
Sep 2022,2023-09-01,12,1804.0,19.82,1.216,1.14,22.55,74400.09
Jan 2022,2023-01-01,12,9756.25,23.12,5.228,1.16,26.73,443157.67
Sep 2023,2024-09-01,12,3138.05,34.11,1.246,1.18,40.23,94080.33
Aug 2023,2024-08-01,12,2112.07,35.8,1.044,1.18,42.24,66406.28
Jun 2023,2024-06-01,12,4391.23,25.38,1.6549999999999998,1.19,30.28,125160.17
Jan 2023,2024-01-01,12,3677.07,21.13,1.6129999999999998,1.24,26.26,58880.48
Feb 2023,2024-03-01,13,2981.72,25.27,0.95600000000000007,1.36,34.27,48331.59
Jul 2023,2024-08-01,13,1750.63,31.83,0.771,1.31,41.68,59610.88
Apr 2022,2023-05-01,13,2994.38,22.86,2.158,1.06,24.15,130457.48
Jun 2022,2023-07-01,13,1936.25,21.05,1.335,1.07,22.51,182854.14
Mar 2022,2023-04-01,13,1683.75,18.71,1.401,1.08,20.29,143419.44
Mar 2023,2024-04-01,13,2528.34,24.08,1.537,1.08,26.07,58480.02
Oct 2022,2023-11-01,13,2768.0,21.97,1.3679999999999999,1.08,23.66,77717.54
Apr 2023,2024-05-01,13,3387.06,28.46,1.306,1.08,30.79,85008.35
Sep 2022,2023-10-01,13,1544.5,25.74,0.836,1.09,28.08,75944.59
Nov 2022,2023-12-01,13,6542.65,32.07,1.4160000000000001,1.09,34.99,131171.4
Jul 2022,2023-08-01,13,1452.0,19.89,1.084,1.11,22.0,119250.11
Sep 2023,2024-10-01,13,2637.75,43.24,0.878,1.11,47.96,96718.08
Feb 2022,2023-03-01,13,2630.25,24.81,1.5709999999999997,1.12,27.69,172297.63
Aug 2022,2023-09-01,13,2285.25,23.8,1.508,1.12,26.57,105374.8
Jan 2023,2024-02-01,13,3549.37,25.91,1.395,1.13,29.33,62429.84
Jan 2022,2023-02-01,13,5564.5,23.09,3.065,1.13,26.0,448722.17
May 2022,2023-06-01,13,4308.0,20.51,1.965,1.14,23.41,224266.09
Dec 2022,2024-01-01,13,5144.57,22.66,1.388,1.14,25.85,126686.89
Aug 2023,2024-09-01,13,2510.23,33.92,1.357,1.14,38.62,68916.51
May 2023,2024-06-01,13,5426.31,24.33,1.5650000000000002,1.16,28.12,163818.23
Jun 2023,2024-07-01,13,3035.13,30.66,0.936,1.21,37.01,128195.3
Aug 2023,2024-10-01,14,1266.75,38.39,0.68900000000000006,1.0,38.39,70183.26
Mar 2022,2023-05-01,14,3657.94,23.3,2.532,1.05,24.39,147077.38
Jul 2023,2024-09-01,14,1861.56,41.37,0.78899999999999992,1.05,43.29,61472.44
Apr 2022,2023-06-01,14,1854.25,17.83,1.688,1.07,19.12,132311.73
Oct 2022,2023-12-01,14,3576.13,27.51,1.403,1.08,29.8,81293.67
May 2023,2024-07-01,14,4765.74,31.98,1.119,1.08,34.53,168583.97
Feb 2022,2023-04-01,14,2729.0,19.49,2.1,1.1,21.49,175026.63
Mar 2023,2024-05-01,14,2325.97,23.73,1.411,1.1,26.13,60805.99
Sep 2022,2023-11-01,14,2958.5,28.72,1.429,1.1,31.47,78903.09
Aug 2022,2023-10-01,14,1928.25,24.1,1.28,1.1,26.41,107303.05
Nov 2022,2024-01-01,14,4904.31,23.92,1.401,1.11,26.51,136075.71
Apr 2023,2024-06-01,14,3812.84,29.56,1.377,1.11,32.87,88821.19
Jun 2022,2023-08-01,14,1883.88,22.43,1.18,1.11,24.79,184738.02
Jan 2022,2023-03-01,14,5619.38,20.74,3.4520000000000004,1.12,23.32,454341.55
Jul 2022,2023-09-01,14,2192.0,23.07,1.363,1.14,26.41,121442.11
Jun 2023,2024-08-01,14,3006.45,30.37,0.9820000000000001,1.15,34.96,131201.75
Feb 2023,2024-04-01,14,2491.95,22.65,1.044,1.16,26.23,50823.54
Dec 2022,2024-02-01,14,5880.15,28.82,1.214,1.17,33.79,132567.04
May 2022,2023-07-01,14,2688.5,25.85,0.95,1.17,30.21,226954.59
Jan 2023,2024-03-01,14,4097.27,26.1,1.406,1.29,33.58,66527.11
Jul 2023,2024-10-01,15,1783.43,61.5,0.532,1.0,61.5,63255.87
Sep 2022,2023-12-01,15,2873.38,27.11,1.536,1.05,28.45,81776.47
Apr 2023,2024-07-01,15,2436.0,32.92,0.831,1.06,34.8,91257.19
May 2022,2023-08-01,15,2500.5,21.74,1.164,1.06,22.94,229455.09
May 2023,2024-08-01,15,5007.03,32.94,1.119,1.1,36.28,173590.99
Aug 2022,2023-11-01,15,4947.61,33.43,2.332,1.11,37.2,112250.66
Jan 2022,2023-04-01,15,6854.26,23.64,3.753,1.11,26.16,461195.81
Oct 2022,2024-01-01,15,3664.39,25.1,1.52,1.12,28.19,84958.06
Jun 2023,2024-09-01,15,3465.68,33.98,1.039,1.12,38.08,134667.43
Mar 2022,2023-06-01,15,3779.88,21.12,2.6839999999999997,1.13,23.77,150857.26
Jun 2022,2023-09-01,15,2327.5,26.75,1.195,1.13,30.23,187065.52
Feb 2023,2024-05-01,15,3376.1,28.86,1.1320000000000001,1.14,32.78,54199.64
Feb 2022,2023-05-01,15,5150.25,21.02,3.5389999999999997,1.14,24.07,180176.88
Apr 2022,2023-07-01,15,1486.65,18.58,1.218,1.14,21.24,133798.38
Jul 2022,2023-10-01,15,2086.25,22.43,1.3299999999999998,1.15,25.76,123528.36
Jan 2023,2024-04-01,15,3422.7,26.74,1.279,1.15,30.84,69949.81
Mar 2023,2024-06-01,15,3631.86,28.37,1.744,1.16,33.02,64437.85
Dec 2022,2024-03-01,15,6426.16,25.4,1.528,1.16,29.34,138993.2
Nov 2022,2024-02-01,15,5482.73,25.15,1.409,1.17,29.48,141558.44
Jun 2023,2024-10-01,16,2037.0,39.17,0.582,1.02,39.94,136704.43
Mar 2023,2024-07-01,16,1495.71,30.52,0.745,1.04,31.82,65933.55
Apr 2022,2023-08-01,16,1499.25,19.99,1.2349999999999999,1.06,21.12,135297.63
Apr 2023,2024-08-01,16,2795.04,36.3,0.855,1.07,38.82,94052.23
Sep 2022,2024-01-01,16,3341.83,27.85,1.657,1.1,30.66,85118.3
Feb 2022,2023-06-01,16,4651.0,18.53,3.771,1.1,20.4,184827.88
May 2023,2024-09-01,16,4957.18,40.3,0.89999999999999991,1.11,44.66,178548.17
Jan 2023,2024-05-01,16,2804.29,28.33,1.026,1.11,31.51,72754.1
May 2022,2023-09-01,16,3197.05,22.51,1.367,1.11,24.98,232652.14
Jul 2022,2023-11-01,16,4321.0,29.39,2.1839999999999997,1.11,32.49,127849.36
Jun 2022,2023-10-01,16,2280.35,23.27,1.366,1.11,25.91,189345.87
Feb 2023,2024-06-01,16,2572.95,24.5,1.0330000000000001,1.12,27.37,56772.59
Nov 2022,2024-03-01,16,6664.63,29.89,1.5,1.13,33.66,148223.07
Jan 2022,2023-05-01,16,13313.13,24.34,6.9040000000000008,1.13,27.62,474508.94
Oct 2022,2024-02-01,16,3240.16,25.51,1.309,1.13,28.93,88198.22
Dec 2022,2024-04-01,16,7247.34,29.22,1.521,1.14,33.24,146240.54
Aug 2022,2023-12-01,16,4395.5,30.31,2.2089999999999996,1.15,34.88,116646.16
Mar 2022,2023-07-01,16,1869.75,18.89,1.435,1.16,22.0,152727.01
May 2022,2023-10-01,17,5376.5,38.13,1.399,1.08,41.04,238028.64
May 2023,2024-10-01,17,4598.6,54.75,0.632,1.08,58.96,183146.77
Mar 2022,2023-08-01,17,2369.0,19.26,1.907,1.09,20.96,155096.01
Feb 2023,2024-07-01,17,1657.56,24.74,0.67,1.1,27.17,58430.15
Feb 2022,2023-07-01,17,2300.25,19.17,1.786,1.11,21.3,187128.13
Apr 2022,2023-09-01,17,1724.1,20.77,1.288,1.12,23.3,137021.73
Oct 2022,2024-03-01,17,3441.6,25.12,1.426,1.12,28.21,91639.82
Jul 2022,2023-12-01,17,3705.75,26.1,2.085,1.12,29.18,131555.11
Jan 2022,2023-06-01,17,10779.27,18.78,7.2620000000000005,1.13,21.26,485288.21
Aug 2022,2024-01-01,17,3651.93,24.84,2.2800000000000002,1.13,28.09,120298.08
Jun 2022,2023-11-01,17,5675.31,31.18,2.484,1.14,35.47,195021.18
Sep 2022,2024-02-01,17,2108.13,24.51,1.1400000000000001,1.15,28.11,87226.43
Dec 2022,2024-05-01,17,7548.38,30.44,1.486,1.16,35.44,153788.92
Apr 2023,2024-09-01,17,3482.02,33.16,1.069,1.17,38.69,97534.26
Jan 2023,2024-06-01,17,3905.84,25.87,1.4869999999999999,1.17,30.28,76659.94
Mar 2023,2024-08-01,17,2275.23,33.46,0.88800000000000012,1.21,40.63,68208.78
Nov 2022,2024-04-01,17,7080.95,26.72,1.636,1.23,32.78,155304.02
Apr 2023,2024-10-01,18,2394.65,42.01,0.66499999999999992,1.02,42.76,99928.91
Apr 2022,2023-10-01,18,2227.15,27.16,1.357,1.05,28.55,139248.88
Jun 2022,2023-12-01,18,5476.09,32.99,2.406,1.07,35.33,200497.27
Aug 2022,2024-02-01,18,3365.53,24.93,2.1919999999999997,1.08,26.92,123663.61
Oct 2022,2024-04-01,18,3713.3,25.79,1.52,1.11,28.56,95353.12
Feb 2022,2023-08-01,18,3999.31,24.54,2.415,1.12,27.39,191127.44
May 2022,2023-11-01,18,6355.91,33.28,1.805,1.13,37.61,244384.55
Sep 2022,2024-03-01,18,2922.63,29.52,1.2919999999999998,1.16,34.38,90149.06
Jan 2022,2023-07-01,18,9231.5,21.82,5.242,1.16,25.22,494519.71
Jul 2022,2024-01-01,18,3979.58,27.07,2.085,1.16,31.34,135534.69
Dec 2022,2024-06-01,18,6980.07,27.05,1.541,1.17,31.58,160768.99
Mar 2023,2024-09-01,18,3015.21,33.5,1.205,1.18,39.67,71223.99
Nov 2022,2024-05-01,18,7181.43,32.5,1.409,1.19,38.61,162485.45
Jan 2023,2024-07-01,18,2541.48,26.75,0.91,1.2,32.17,79201.42
Mar 2022,2023-09-01,18,3788.38,30.8,1.722,1.21,37.14,158884.39
Feb 2023,2024-08-01,18,2724.35,32.43,0.714,1.29,41.91,61154.5
Feb 2023,2024-09-01,19,3362.78,41.52,0.82400000000000007,1.08,44.84,64517.27
Sep 2022,2024-04-01,19,2946.97,28.89,1.429,1.09,31.35,93096.03
Feb 2022,2023-09-01,19,3660.75,22.46,2.431,1.11,24.9,194788.19
Jun 2022,2024-01-01,19,5646.17,28.23,2.794,1.11,31.37,206143.44
May 2022,2023-12-01,19,8480.14,35.33,2.317,1.11,39.08,252864.69
Jul 2022,2024-02-01,19,2860.51,25.31,1.6420000000000001,1.13,28.61,138395.2
Apr 2022,2023-11-01,19,4840.98,27.66,2.6790000000000003,1.14,31.43,144089.86
Dec 2022,2024-07-01,19,3944.37,27.97,0.851,1.16,32.33,164713.35
Mar 2022,2023-10-01,19,4590.6,30.81,2.144,1.17,36.15,163474.99
Jan 2023,2024-08-01,19,3451.28,35.58,0.95700000000000007,1.17,41.58,82652.7
Nov 2022,2024-06-01,19,6895.19,28.61,1.5599999999999998,1.17,33.47,169380.64
Jan 2022,2023-08-01,19,12302.14,20.78,7.176,1.18,24.56,506821.85
Oct 2022,2024-05-01,19,4071.72,34.22,1.1809999999999998,1.18,40.31,99424.84
Mar 2023,2024-10-01,19,1968.0,56.23,0.45999999999999996,1.21,67.86,73191.99
Aug 2022,2024-03-01,19,4034.06,25.37,2.1919999999999997,1.27,32.27,127697.67
Feb 2022,2023-10-01,20,5167.25,29.03,2.795,1.05,30.58,199955.44
Sep 2022,2024-05-01,20,2861.11,28.33,1.429,1.07,30.44,95957.14
Feb 2023,2024-10-01,20,1029.25,35.49,0.297,1.07,38.12,65546.52
Mar 2022,2023-11-01,20,5752.38,30.12,2.954,1.09,32.87,169227.37
Apr 2022,2023-12-01,20,4208.16,28.82,2.331,1.09,31.4,148298.02
Oct 2022,2024-06-01,20,4002.83,26.86,1.5779999999999998,1.1,29.65,103427.67
Jul 2022,2024-03-01,20,3779.84,27.19,2.036,1.12,30.48,142175.04
May 2022,2024-01-01,20,6528.72,27.55,2.1999999999999997,1.15,31.69,259393.41
Dec 2022,2024-08-01,20,4913.53,29.6,1.004,1.15,34.12,169626.88
Jun 2022,2024-02-01,20,3971.45,24.67,2.158,1.16,28.57,210114.89
Jan 2022,2023-09-01,20,13693.38,24.58,6.8180000000000005,1.17,28.77,520515.23
Nov 2022,2024-07-01,20,4474.79,30.44,0.93900000000000006,1.19,36.09,173855.43
Aug 2022,2024-04-01,20,5135.03,26.74,2.718,1.24,33.13,132832.7
Jan 2023,2024-09-01,20,3828.96,35.13,1.014,1.24,43.51,86481.66
Oct 2022,2024-07-01,21,2987.88,34.34,0.97,1.05,36.0,106415.55
Mar 2022,2023-12-01,21,5342.19,27.97,2.971,1.09,30.35,174569.56
Feb 2022,2023-11-01,21,8404.09,25.86,4.78,1.12,29.08,208359.53
Apr 2022,2024-01-01,21,4247.8,25.9,2.54,1.12,29.09,152545.82
May 2022,2024-02-01,21,5048.01,26.99,1.783,1.12,30.23,264441.42
Dec 2022,2024-09-01,21,5938.08,34.73,1.06,1.13,39.07,175564.96
Sep 2022,2024-06-01,21,3418.9,25.14,1.825,1.13,28.49,99376.04
Jan 2022,2023-10-01,21,14815.29,26.22,7.033,1.15,30.17,535330.52
Nov 2022,2024-08-01,21,5479.96,31.31,1.1440000000000001,1.16,36.29,179335.39
Jul 2022,2024-04-01,21,5294.03,30.25,2.463,1.17,35.29,147469.07
Jun 2022,2024-03-01,21,6034.94,28.07,2.825,1.18,33.16,216149.83
Jan 2023,2024-10-01,21,3522.3,50.32,0.668,1.21,60.73,90003.96
Aug 2022,2024-05-01,21,5847.08,34.8,2.315,1.27,44.3,138679.78
Apr 2022,2024-02-01,22,3876.33,25.84,2.036,1.28,33.13,156422.15
Sep 2022,2024-07-01,22,2471.38,29.08,1.216,1.06,30.89,101847.42
Dec 2022,2024-10-01,22,5455.55,46.63,0.767,1.06,49.6,181020.51
Oct 2022,2024-08-01,22,3124.95,35.11,0.9820000000000001,1.06,37.2,109540.5
Nov 2022,2024-09-01,22,8040.38,43.23,1.257,1.12,48.44,187375.77
Jun 2022,2024-04-01,22,6006.09,26.46,3.1199999999999997,1.13,29.88,222155.92
Feb 2022,2023-12-01,22,10184.34,30.31,4.929,1.13,34.18,218543.87
Aug 2022,2024-06-01,22,5318.8,30.05,2.7,1.15,34.54,143998.58
Jan 2022,2023-11-01,22,24282.22,29.76,10.055,1.16,34.59,559612.74
Mar 2022,2024-01-01,22,6386.22,26.72,3.3930000000000002,1.19,31.77,180955.78
May 2022,2024-03-01,22,7766.0,28.45,2.435,1.2,34.06,272207.42
Jul 2022,2024-05-01,22,5300.14,32.92,2.168,1.22,40.15,152769.21
Aug 2022,2024-07-01,23,2952.14,32.09,1.526,1.06,33.93,146950.72
Jun 2022,2024-05-01,23,6774.63,32.57,2.996,1.08,35.1,228930.55
Apr 2022,2024-03-01,23,4671.65,28.66,2.5919999999999996,1.09,31.35,161093.8
Sep 2022,2024-08-01,23,2523.55,30.04,1.1560000000000001,1.11,33.2,104370.97
Nov 2022,2024-10-01,23,7173.4,58.32,0.826,1.13,65.81,194549.17
Mar 2022,2024-02-01,23,5569.81,27.57,3.021,1.13,31.12,186525.59
Oct 2022,2024-09-01,23,4113.92,36.41,1.134,1.16,42.41,113654.42
Jul 2022,2024-06-01,23,4905.43,28.69,2.4299999999999997,1.16,33.14,157674.64
Jan 2022,2023-12-01,23,25223.6,30.76,9.983,1.18,36.19,584836.34
May 2022,2024-04-01,23,7308.89,25.92,2.467,1.22,31.64,279516.31
Feb 2022,2024-01-01,23,8374.6,24.2,4.648,1.23,29.8,226918.47
Sep 2022,2024-09-01,24,2979.63,28.93,1.49,1.05,30.4,107350.59
Oct 2022,2024-10-01,24,3661.35,44.65,0.89999999999999991,1.06,47.55,117315.77
Jul 2022,2024-07-01,24,3233.99,26.51,1.839,1.09,28.87,160908.63
Jun 2022,2024-06-01,24,6825.95,28.44,3.183,1.17,33.3,235756.5
Aug 2022,2024-08-01,24,4143.63,32.63,1.894,1.18,38.37,151094.35
May 2022,2024-05-01,24,8379.86,30.58,2.467,1.19,36.28,287896.17
Feb 2022,2024-02-01,24,8736.2,26.63,4.482,1.21,32.24,235654.67
Mar 2022,2024-03-01,24,7007.49,28.37,3.4259999999999997,1.22,34.52,193533.08
Jan 2022,2024-01-01,24,23906.58,25.46,10.857,1.24,31.54,608742.92
Apr 2022,2024-04-01,24,6433.21,29.38,2.923,1.3,38.29,167527.01
Sep 2022,2024-10-01,25,2989.25,49.0,0.836,1.11,54.35,110339.84
Jun 2022,2024-07-01,25,4120.74,28.42,2.003,1.12,31.94,239877.23
Aug 2022,2024-09-01,25,4178.63,40.18,1.5959999999999999,1.14,45.92,155272.98
May 2022,2024-06-01,25,8059.97,29.1,2.573,1.15,33.44,295956.14
Jul 2022,2024-08-01,25,5713.98,49.69,1.609,1.17,58.31,166622.61
Feb 2022,2024-03-01,25,10193.41,27.62,5.078,1.2,33.2,245848.08
Jan 2022,2024-02-01,25,23477.0,27.56,10.069,1.21,33.4,632219.92
Apr 2022,2024-05-01,25,6837.62,36.96,2.645,1.22,44.98,174364.63
Mar 2022,2024-04-01,25,8887.06,29.14,4.051,1.27,37.03,202420.14
Aug 2022,2024-10-01,26,3608.45,45.68,1.28,1.08,49.43,158881.43
May 2022,2024-07-01,26,5278.29,31.05,1.644,1.1,34.27,301234.43
Jun 2022,2024-08-01,26,5401.54,31.77,2.375,1.11,35.3,245278.77
Jul 2022,2024-09-01,26,4006.4,31.55,1.839,1.13,35.77,170629.01
Feb 2022,2024-04-01,26,11203.16,28.01,5.756,1.15,32.19,257051.24
Apr 2022,2024-06-01,26,7564.22,33.62,3.254,1.2,40.45,181928.85
Mar 2022,2024-05-01,26,7039.54,30.08,3.274,1.21,36.29,209459.68
Jan 2022,2024-03-01,26,27046.44,27.83,11.372,1.22,34.06,659266.36
Jun 2022,2024-09-01,27,6790.65,40.66,2.329,1.11,45.27,252069.42
Jul 2022,2024-10-01,27,3675.4,47.12,1.133,1.13,53.27,174304.41
May 2022,2024-08-01,27,6120.74,33.45,1.7080000000000002,1.14,38.25,307355.17
Apr 2022,2024-07-01,27,3846.02,29.81,1.949,1.15,34.34,185774.87
Mar 2022,2024-06-01,27,7924.28,30.25,3.7470000000000003,1.18,35.69,217383.96
Feb 2022,2024-05-01,27,11466.96,29.33,5.2589999999999995,1.23,36.06,268518.2
Jan 2022,2024-04-01,27,28119.14,26.99,12.117,1.23,33.24,687385.5
Feb 2022,2024-06-01,28,12264.5,30.13,5.392,1.25,37.62,280782.7
Jun 2022,2024-10-01,28,4514.25,53.11,1.2890000000000001,1.02,54.39,256583.67
May 2022,2024-09-01,28,8380.52,40.1,2.018,1.11,44.34,315735.69
Mar 2022,2024-07-01,28,4417.53,26.94,2.447,1.13,30.47,221801.5
Apr 2022,2024-08-01,28,5543.73,33.2,2.505,1.16,38.5,191318.6
Jan 2022,2024-05-01,28,29434.37,30.89,11.229,1.22,37.54,716819.87
May 2022,2024-10-01,29,5847.38,47.54,1.196,1.1,52.21,321583.07
Apr 2022,2024-09-01,29,5643.0,41.49,2.053,1.15,47.82,196961.6
Mar 2022,2024-08-01,29,6781.74,34.78,2.768,1.19,41.35,228583.24
Jan 2022,2024-06-01,29,31243.37,29.81,12.189,1.23,36.71,748063.24
Feb 2022,2024-07-01,29,8520.21,34.08,3.374,1.23,41.77,289302.91
Apr 2022,2024-10-01,30,5194.2,54.11,1.514,1.1,59.7,202155.8
Mar 2022,2024-09-01,30,7495.0,41.18,2.633,1.17,48.04,236078.24
Feb 2022,2024-08-01,30,9250.43,32.12,4.002,1.19,38.22,298553.34
Jan 2022,2024-07-01,30,20973.96,30.57,8.064,1.22,37.25,769037.2
Mar 2022,2024-10-01,31,6218.3,51.39,1.823,1.12,57.58,242296.54
Feb 2022,2024-09-01,31,12816.19,40.18,4.598,1.15,46.1,311369.53
Jan 2022,2024-08-01,31,24552.91,32.43,9.167,1.18,38.36,793590.11
Feb 2022,2024-10-01,32,9468.7,50.63,2.812,1.1,55.7,320838.23
Jan 2022,2024-09-01,32,27471.37,38.37,8.5360000000000014,1.2,46.09,821061.48
Jan 2022,2024-10-01,33,26578.58,57.65,5.858,1.13,64.98,847640.06